{
  "line": [
    {
      "title": "Global Catch of American Lobsters",
      "key": "americanCrabsCaught",
      "imagePath": [
        "modules/graphQuestions/graphImages/color/line_embellished_americanCrabsCaught.png",
        "modules/graphQuestions/graphImages/color/rangerPoseGreen.png",
        "modules/graphQuestions/graphImages/color/rangerPoseGreen.png"
      ],
      "questionBank": [
        {
          "question": "What year had the least C02 Emissions?",
          "choices": ["2000", "2003", "2001", "2005", "omit"],
          "answer": "2003",
          "key": "identify"
        },
        {
          "question": "Pancakes or waffles?",
          "choices": ["pancakes", "waffles", "fish with red bean filling", "f*%$ it EVERYTHING!", "omit"],
          "answer": "pancakes",
          "key": "compare"
        }
      ]
    },
    {
      "title": "Climate Changes",
      "key": "climateChange",
      "imagePath": [
        "modules/graphQuestions/graphImages/color/line_embellished_climateChange.png",
        "modules/graphQuestions/graphImages/color/rangerPoseGreen.png",
        "modules/graphQuestions/graphImages/color/rangerPoseGreen.png"
      ],
      "questionBank": [
        {
          "question": "What year had the least C02 Emissions?",
          "choices": ["2000", "2003", "2001", "2005", "omit"],
          "answer": "2003",
          "key": "identify"
        },
        {
          "question": "Pancakes or waffles?",
          "choices": ["pancakes", "waffles", "fish with red bean filling", "f*%$ it EVERYTHING!", "omit"],
          "answer": "pancakes",
          "key": "compare"
        }
      ]
    },
    {
      "title": "Sales of Ford's F-Series",
      "key": "fordFSeries",
      "imagePath": [
        "modules/graphQuestions/graphImages/color/line_embellished_fordFSeries.png",
        "modules/graphQuestions/graphImages/color/rangerPoseGreen.png",
        "modules/graphQuestions/graphImages/color/rangerPoseGreen.png"
      ],
      "questionBank": [
        {
          "question": "What year had the least C02 Emissions?",
          "choices": ["2000", "2003", "2001", "2005", "omit"],
          "answer": "2003",
          "key": "identify"
        },
        {
          "question": "Pancakes or waffles?",
          "choices": ["pancakes", "waffles", "fish with red bean filling", "f*%$ it EVERYTHING!", "omit"],
          "answer": "pancakes",
          "key": "compare"
        }
      ]
    },
    {
      "title": "Average U.S. Prices for Gasoline",
      "key": "gasolinePrices",
      "imagePath": [
        "modules/graphQuestions/graphImages/color/line_embellished_gasolinePrices.png",
        "modules/graphQuestions/graphImages/color/rangerPoseGreen.png",
        "modules/graphQuestions/graphImages/color/rangerPoseGreen.png"
      ],
      "questionBank": [
        {
          "question": "What year had the least C02 Emissions?",
          "choices": ["2000", "2003", "2001", "2005", "omit"],
          "answer": "2003",
          "key": "identify"
        },
        {
          "question": "Pancakes or waffles?",
          "choices": ["pancakes", "waffles", "fish with red bean filling", "f*%$ it EVERYTHING!", "omit"],
          "answer": "pancakes",
          "key": "compare"
        }
      ]
    },
    {
      "title": "The Future of U.S. Manufacturing",
      "key": "manuEmployment",
      "imagePath": [
        "modules/graphQuestions/graphImages/color/line_embellished_manuEmployment.png",
        "modules/graphQuestions/graphImages/color/rangerPoseGreen.png",
        "modules/graphQuestions/graphImages/color/rangerPoseGreen.png"
      ],
      "questionBank": [
        {
          "question": "What year had the least C02 Emissions?",
          "choices": ["2000", "2003", "2001", "2005", "omit"],
          "answer": "2003",
          "key": "identify"
        },
        {
          "question": "Pancakes or waffles?",
          "choices": ["pancakes", "waffles", "fish with red bean filling", "f*%$ it EVERYTHING!", "omit"],
          "answer": "pancakes",
          "key": "compare"
        }
      ]
    },
    {
      "title": "Average Hours of Freeway Congestion",
      "key": "trafficCongestion",
      "imagePath": [
        "modules/graphQuestions/graphImages/color/line_embellished_trafficCongestion.png",
        "modules/graphQuestions/graphImages/color/rangerPoseGreen.png",
        "modules/graphQuestions/graphImages/color/rangerPoseGreen.png"
      ],
      "questionBank": [
        {
          "question": "What year had the least C02 Emissions?",
          "choices": ["2000", "2003", "2001", "2005", "omit"],
          "answer": "2003",
          "key": "identify"
        },
        {
          "question": "Pancakes or waffles?",
          "choices": ["pancakes", "waffles", "fish with red bean filling", "f*%$ it EVERYTHING!", "omit"],
          "answer": "pancakes",
          "key": "compare"
        }
      ]
    }
  ],
  "pie": [
    {
      "title": "Beauty Products Being Purchased",
      "key": "beauty",
      "imagePath": [
        "modules/graphQuestions/graphImages/color/pie_embellished_beauty.png",
        "modules/graphQuestions/graphImages/color/rangerPoseGreen.png",
        "modules/graphQuestions/graphImages/color/rangerPoseGreen.png"
      ],
      "questionBank": [
        {
          "question": "What is the second highest beauty product being used?",
          "choices": ["Hair Care", "Toiletries", "Skin Care", "Makeup"],
          "answer": "Hair",
          "key": "identify"
        },
        {
          "question": "Pancakes or waffles?",
          "choices": ["pancakes", "waffles", "fish with red bean filling", "f*%$ it EVERYTHING!", "omit"],
          "answer": "pancakes",
          "key": "compare"
        }
      ]
    },
    {
      "title": "Most Bought Girl Scout Cookies",
      "key": "girlScouts",
      "imagePath": [
        "modules/graphQuestions/graphImages/color/pie_embellished_girlScouts.png",
        "modules/graphQuestions/graphImages/color/rangerPoseGreen.png",
        "modules/graphQuestions/graphImages/color/rangerPoseGreen.png"
      ],
      "questionBank": [
        {
          "question": "What is the second highest beauty product being used?",
          "choices": ["Hair Care", "Toiletries", "Skin Care", "Makeup"],
          "answer": "Hair",
          "key": "identify"
        },
        {
          "question": "Pancakes or waffles?",
          "choices": ["pancakes", "waffles", "fish with red bean filling", "f*%$ it EVERYTHING!", "omit"],
          "answer": "pancakes",
          "key": "compare"
        }
      ]
    },
    {
      "title": "Renewable Energy in the U.K.",
      "key": "renewable",
      "imagePath": [
        "modules/graphQuestions/graphImages/color/pie_embellished_renewable.png",
        "modules/graphQuestions/graphImages/color/rangerPoseGreen.png",
        "modules/graphQuestions/graphImages/color/rangerPoseGreen.png"
      ],
      "questionBank": [
        {
          "question": "What is the second highest beauty product being used?",
          "choices": ["Hair Care", "Toiletries", "Skin Care", "Makeup"],
          "answer": "Hair",
          "key": "identify"
        },
        {
          "question": "Pancakes or waffles?",
          "choices": ["pancakes", "waffles", "fish with red bean filling", "f*%$ it EVERYTHING!", "omit"],
          "answer": "pancakes",
          "key": "compare"
        }
      ]
    },
    {
      "title": "Star Wars Revenue Throughout the Galaxy",
      "key": "starWars",
      "imagePath": [
        "modules/graphQuestions/graphImages/color/pie_embellished_starWars.png",
        "modules/graphQuestions/graphImages/color/rangerPoseGreen.png",
        "modules/graphQuestions/graphImages/color/rangerPoseGreen.png"
      ],
      "questionBank": [
        {
          "question": "What is the second highest beauty product being used?",
          "choices": ["Hair Care", "Toiletries", "Skin Care", "Makeup"],
          "answer": "Hair",
          "key": "identify"
        },
        {
          "question": "Pancakes or waffles?",
          "choices": ["pancakes", "waffles", "fish with red bean filling", "f*%$ it EVERYTHING!", "omit"],
          "answer": "pancakes",
          "key": "compare"
        }
      ]
    },
    {
      "title": "Top Internet Browsers, 2011",
      "key": "topBrowser",
      "imagePath": [
        "modules/graphQuestions/graphImages/color/pie_embellished_topBrowser.png",
        "modules/graphQuestions/graphImages/color/rangerPoseGreen.png",
        "modules/graphQuestions/graphImages/color/rangerPoseGreen.png"
      ],
      "questionBank": [
        {
          "question": "What is the second highest beauty product being used?",
          "choices": ["Hair Care", "Toiletries", "Skin Care", "Makeup"],
          "answer": "Hair",
          "key": "identify"
        },
        {
          "question": "Pancakes or waffles?",
          "choices": ["pancakes", "waffles", "fish with red bean filling", "f*%$ it EVERYTHING!", "omit"],
          "answer": "pancakes",
          "key": "compare"
        }
      ]
    },
    {
      "title": "Women at Work",
      "key": "womenWork",
      "imagePath": [
        "modules/graphQuestions/graphImages/color/pie_embellished_womenWork.png",
        "modules/graphQuestions/graphImages/color/rangerPoseGreen.png",
        "modules/graphQuestions/graphImages/color/rangerPoseGreen.png"
      ],
      "questionBank": [
        {
          "question": "What is the second highest beauty product being used?",
          "choices": ["Hair Care", "Toiletries", "Skin Care", "Makeup"],
          "answer": "Hair",
          "key": "identify"
        },
        {
          "question": "Pancakes or waffles?",
          "choices": ["pancakes", "waffles", "fish with red bean filling", "f*%$ it EVERYTHING!", "omit"],
          "answer": "pancakes",
          "key": "compare"
        }
      ]
    }
  ],
  "bar": [
    {
      "title": "Most Expensive Artwork Sold At Auction",
      "key": "artwork",
      "imagePath": [
        "modules/graphQuestions/graphImages/color/bar_embellished_artwork.png",
        "modules/graphQuestions/graphImages/color/rangerPoseGreen.png",
        "modules/graphQuestions/graphImages/color/bar_norm_artwork.png"
      ],
      "questionBank": [
        {
          "question": "What is the second least used development platform?",
          "choices": ["Blackberry", "Android", "iOS", "Flash", "iOS"],
          "answer": "Blackberry",
          "key": "identify"
        },
        {
          "question": "Pancakes or waffles?",
          "choices": ["pancakes", "waffles", "fish with red bean filling", "f*%$ it EVERYTHING!", "omit"],
          "answer": "pancakes",
          "key": "compare"
        }
      ]
    },
    {
      "title": "Top Platforms Being Used By Developers",
      "key": "developers",
      "imagePath": [
        "modules/graphQuestions/graphImages/color/bar_embellished_developers.png",
        "modules/graphQuestions/graphImages/color/rangerPoseGreen.png",
        "modules/graphQuestions/graphImages/color/rangerPoseGreen.png"
      ],
      "questionBank": [
        {
          "question": "What is the second least used development platform?",
          "choices": ["Blackberry", "Android", "iOS", "Flash", "iOS"],
          "answer": "Blackberry",
          "key": "identify"
        },
        {
          "question": "Pancakes or waffles?",
          "choices": ["pancakes", "waffles", "fish with red bean filling", "f*%$ it EVERYTHING!", "omit"],
          "answer": "pancakes",
          "key": "compare"
        }
      ]
    },
    {
      "title": "Summer Olympics' Share of TV Viewership",
      "key": "olympics",
      "imagePath": [
        "modules/graphQuestions/graphImages/color/bar_embellished_olympics.png",
        "modules/graphQuestions/graphImages/color/rangerPoseGreen.png",
        "modules/graphQuestions/graphImages/color/rangerPoseGreen.png"
      ],
      "questionBank": [
        {
          "question": "What is the second least used development platform?",
          "choices": ["Blackberry", "Android", "iOS", "Flash", "iOS"],
          "answer": "Blackberry",
          "key": "identify"
        },
        {
          "question": "Pancakes or waffles?",
          "choices": ["pancakes", "waffles", "fish with red bean filling", "f*%$ it EVERYTHING!", "omit"],
          "answer": "pancakes",
          "key": "compare"
        }
      ]
    },
    {
      "title": "Most Visited Theme Parks",
      "key": "themePark",
      "imagePath": [
        "modules/graphQuestions/graphImages/color/bar_embellished_themePark.png",
        "modules/graphQuestions/graphImages/color/rangerPoseGreen.png",
        "modules/graphQuestions/graphImages/color/rangerPoseGreen.png"
      ],
      "questionBank": [
        {
          "question": "What is the second least used development platform?",
          "choices": ["Blackberry", "Android", "iOS", "Flash", "iOS"],
          "answer": "Blackberry",
          "key": "identify"
        },
        {
          "question": "Pancakes or waffles?",
          "choices": ["pancakes", "waffles", "fish with red bean filling", "f*%$ it EVERYTHING!", "omit"],
          "answer": "pancakes",
          "key": "compare"
        }
      ]
    },
    {
      "title": "Countries' Unemployment Rates",
      "key": "unemploymentRate",
      "imagePath": [
        "modules/graphQuestions/graphImages/color/bar_embellished_unemploymentRate.png",
        "modules/graphQuestions/graphImages/color/rangerPoseGreen.png",
        "modules/graphQuestions/graphImages/color/rangerPoseGreen.png"
      ],
      "questionBank": [
        {
          "question": "What is the second least used development platform?",
          "choices": ["Blackberry", "Android", "iOS", "Flash", "iOS"],
          "answer": "Blackberry",
          "key": "identify"
        },
        {
          "question": "Pancakes or waffles?",
          "choices": ["pancakes", "waffles", "fish with red bean filling", "f*%$ it EVERYTHING!", "omit"],
          "answer": "pancakes",
          "key": "compare"
        }
      ]
    }
  ]
}
